customer_id,name,age,gender,purchase_history,total_spent
1,Jim Halpert,39,F,10,1914.39
2,Michael Scott,56,M,7,1415.03
3,Ryan Howard,41,M,19,1653.74
4,Angela Martin,46,F,5,382.32
5,Ryan Howard,71,F,4,4837.94
6,Jane Smith,18,F,9,1593.82
7,Kevin Malone,58,F,11,4063.5
8,Kevin Malone,40,M,3,4247.91
9,Kevin Malone,41,M,19,1806.12
10,Dwight Schrute,56,F,3,4028.95
11,Joey Tribbiani,53,M,1,4458.45
12,Michael Scott,52,M,11,3013.8
13,Kelly Kapoor,52,F,15,4463.23
14,Rachel Green,41,M,2,1649.13
15,Kelly Kapoor,40,F,11,750.94
16,Michael Scott,33,M,19,3736.62
17,Ross Geller,36,F,8,3654.59
18,Dwight Schrute,45,F,19,340.78
19,Jim Halpert,66,F,3,1416.22
20,Ryan Howard,38,M,14,4813.47
21,Jane Smith,64,M,12,692.26
22,Ross Geller,54,F,12,2873.13
23,Rachel Green,34,F,15,1088.81
24,Alice Johnson,39,M,5,4965.37
25,Pam Beesly,45,M,7,2541.66
26,Kevin Malone,28,F,3,2816.77
27,Dwight Schrute,27,M,6,4835.65
28,Rachel Green,64,F,5,2788.19
29,Michael Scott,28,F,7,2633.36
30,Jane Smith,75,F,4,2425.85
31,Kelly Kapoor,25,M,16,2276.88
32,Bob Brown,74,M,4,1084.26
33,Monica Geller,22,M,9,2344.45
34,Kevin Malone,67,M,12,3089.07
35,Dwight Schrute,18,F,17,343.51
36,Dwight Schrute,74,F,8,749.73
37,Monica Geller,41,M,5,908.03
38,John Doe,30,M,9,2580.88
39,Kevin Malone,49,M,13,387.17
40,Rachel Green,22,F,5,4756.36
41,Jim Halpert,49,F,11,2510.66
42,Bob Brown,70,M,4,2429.34
43,Joey Tribbiani,18,M,9,1237.44
44,Kelly Kapoor,73,F,7,4324.77
45,John Doe,23,M,19,3843.95
46,Angela Martin,22,M,14,1460.05
47,Oscar Martinez,71,M,11,189.54
48,Angela Martin,50,F,13,3344.88
49,Dwight Schrute,51,M,19,2974.68
50,Oscar Martinez,36,F,17,4443.71
51,Oscar Martinez,37,F,5,4477.7
52,Kelly Kapoor,61,M,1,1610.92
53,Ross Geller,36,F,13,2540.56
54,Chandler Bing,63,M,17,3631.97
55,Stanley Hudson,69,M,17,1987.79
56,Chandler Bing,58,M,16,2237.57
57,Pam Beesly,69,M,20,132.81
58,Bob Brown,27,F,10,489.78
59,Bob Brown,73,M,4,4143.63
60,Ross Geller,27,F,3,1501.65
61,John Doe,26,F,2,3811.65
62,Alice Johnson,27,F,18,2472.76
63,Angela Martin,29,F,17,2058.49
64,Chandler Bing,60,F,9,1855.07
65,Jane Smith,24,M,12,1315.73
66,Phoebe Buffay,74,M,7,1402.96
67,Alice Johnson,38,F,2,4423.63
68,Oscar Martinez,38,M,17,4327.82
69,Ryan Howard,29,M,6,1610.37
70,Pam Beesly,70,F,3,2250.9
71,Joey Tribbiani,33,F,10,1990.68
72,Joey Tribbiani,31,F,2,2143.75
73,Kelly Kapoor,54,F,8,1388.9
74,Monica Geller,24,F,3,3656.79
75,Jane Smith,36,M,7,1037.04
76,Dwight Schrute,36,M,3,3941.66
77,Ross Geller,31,F,20,429.62
78,Angela Martin,45,M,19,4512.58
79,Kevin Malone,59,M,12,1567.43
80,Ryan Howard,70,F,11,2756.89
81,John Doe,61,M,11,4330.83
82,Alice Johnson,60,F,20,2635.11
83,Jim Halpert,41,F,4,3362.8
84,Phoebe Buffay,58,M,7,4230.58
85,Michael Scott,66,M,8,798.68
86,Angela Martin,32,M,14,1859.07
87,Monica Geller,18,M,17,2299.81
88,Bob Brown,73,M,1,2846.17
89,Jim Halpert,61,F,20,3833.0
90,Oscar Martinez,53,M,6,624.12
91,Monica Geller,59,M,18,3758.37
92,Joey Tribbiani,26,F,7,1988.43
93,Dwight Schrute,23,M,4,2145.55
94,Michael Scott,38,F,4,1695.42
95,Joey Tribbiani,74,F,8,4803.04
96,Ryan Howard,66,M,5,4838.41
97,Kevin Malone,59,F,9,1622.59
98,Chandler Bing,70,M,7,2122.4
99,Oscar Martinez,39,M,18,3179.36
100,Joey Tribbiani,46,M,16,3009.55
101,Phoebe Buffay,43,F,12,3742.72
102,Alice Johnson,61,M,9,4621.5
103,Jane Smith,74,F,18,4773.72
104,Monica Geller,54,F,15,1725.89
105,Ryan Howard,61,F,14,608.54
106,Dwight Schrute,67,M,13,4956.93
107,Kevin Malone,18,F,12,3820.06
108,Monica Geller,33,M,6,1439.7
109,Jim Halpert,37,M,17,814.08
110,John Doe,26,F,11,840.48
111,Pam Beesly,35,F,13,4337.6
112,Kevin Malone,44,F,10,2062.04
113,Jane Smith,51,M,5,3778.76
114,Joey Tribbiani,64,F,19,4862.0
115,Stanley Hudson,31,F,17,2007.14
116,Oscar Martinez,58,F,13,1672.1
117,Monica Geller,53,M,20,1620.98
118,Jane Smith,45,F,6,3199.88
119,Jim Halpert,40,M,1,1989.26
120,Oscar Martinez,32,F,4,1435.51
121,Oscar Martinez,72,M,7,900.25
122,Stanley Hudson,55,M,7,4644.69
123,Monica Geller,25,F,20,4561.44
124,Chandler Bing,48,M,13,1461.48
125,Dwight Schrute,75,M,1,2096.43
126,John Doe,24,M,6,4961.87
127,Michael Scott,68,M,4,4907.28
128,Dwight Schrute,30,F,3,3361.18
129,Bob Brown,57,M,7,4664.2
130,Jane Smith,22,F,16,3540.3
131,Rachel Green,38,F,7,1698.97
132,Pam Beesly,24,F,4,3335.38
133,Monica Geller,65,F,14,1880.58
134,Angela Martin,29,M,12,569.52
135,Ross Geller,33,F,17,2158.85
136,Kelly Kapoor,69,F,12,1485.43
137,Jane Smith,49,F,8,4159.04
138,Pam Beesly,40,M,15,1601.77
139,Oscar Martinez,61,F,4,4962.24
140,Dwight Schrute,32,M,5,2223.6
141,Kelly Kapoor,63,M,20,4853.33
142,Michael Scott,55,M,2,2623.51
143,Chandler Bing,39,F,7,792.55
144,Ryan Howard,30,M,11,4753.32
145,Ryan Howard,42,F,9,4738.53
146,Ross Geller,72,M,4,1899.45
147,Ryan Howard,61,M,15,3158.79
148,Rachel Green,68,F,14,1146.18
149,Bob Brown,54,M,9,2928.27
150,Michael Scott,66,F,7,1472.11
151,Oscar Martinez,60,F,7,628.66
152,Rachel Green,64,F,5,2999.89
153,Michael Scott,58,F,19,1826.98
154,Pam Beesly,47,M,19,346.45
155,Ryan Howard,50,M,15,4602.73
156,Dwight Schrute,20,M,11,1105.15
157,Bob Brown,70,M,11,2809.02
158,Rachel Green,28,F,18,681.57
159,Ryan Howard,67,M,8,4026.59
160,Phoebe Buffay,61,M,20,1535.2
161,Joey Tribbiani,59,M,19,432.77
162,Rachel Green,18,F,2,4543.81
163,Michael Scott,35,M,14,4787.78
164,Michael Scott,68,F,11,131.32
165,Bob Brown,45,M,13,4642.74
166,Monica Geller,60,F,4,1289.16
167,Kelly Kapoor,22,M,2,2361.68
168,Michael Scott,55,F,6,4143.85
169,Ryan Howard,57,F,13,1170.51
170,John Doe,48,F,15,1360.43
171,Alice Johnson,23,F,4,778.98
172,John Doe,72,F,5,2657.13
173,Dwight Schrute,34,F,5,1469.32
174,Kevin Malone,71,F,11,226.41
175,Alice Johnson,30,M,3,3195.71
176,Kevin Malone,25,F,1,286.35
177,Monica Geller,21,F,5,1015.47
178,Bob Brown,51,F,9,3570.34
179,Dwight Schrute,34,F,5,1555.01
180,Pam Beesly,69,F,20,744.51
181,Joey Tribbiani,41,F,13,896.74
182,Ross Geller,44,F,7,2961.58
183,Jane Smith,66,M,7,3859.79
184,Angela Martin,34,F,19,316.96
185,Chandler Bing,31,M,13,2009.14
186,John Doe,63,F,8,797.75
187,Bob Brown,42,F,11,3145.86
188,Rachel Green,22,M,20,3986.91
189,John Doe,34,M,12,1882.83
190,Rachel Green,64,M,14,1495.37
191,Kevin Malone,62,M,11,1777.69
192,Rachel Green,31,F,13,2093.6
193,Angela Martin,60,M,13,2458.73
194,Chandler Bing,34,M,3,2898.84
195,Jane Smith,49,F,6,4372.07
196,Chandler Bing,34,M,15,2699.81
197,Phoebe Buffay,43,M,13,1277.15
198,Oscar Martinez,58,F,7,3195.12
199,Chandler Bing,68,F,15,4330.92
200,Jim Halpert,62,M,17,2882.77
201,John Doe,59,F,8,1016.53
202,Rachel Green,39,F,12,3332.76
203,Ross Geller,41,F,16,2109.94
204,Jane Smith,25,M,17,1264.84
205,Phoebe Buffay,49,M,14,4062.79
206,Chandler Bing,38,M,4,1489.5
207,Jim Halpert,24,M,12,1972.05
208,John Doe,45,F,13,1569.01
209,Joey Tribbiani,56,M,11,4202.93
210,Stanley Hudson,58,M,16,1045.18
211,Bob Brown,75,F,11,2545.85
212,Chandler Bing,71,F,9,4707.04
213,Michael Scott,21,F,1,3708.86
214,John Doe,53,M,2,922.65
215,Alice Johnson,46,F,6,3174.84
216,Pam Beesly,40,M,1,4698.48
217,Monica Geller,35,M,4,358.86
218,Monica Geller,72,F,4,2166.82
219,Michael Scott,40,M,20,1762.19
220,Michael Scott,52,F,3,4373.36
221,Bob Brown,25,M,1,3492.63
222,Ross Geller,26,M,18,1337.96
223,Jane Smith,50,M,4,161.51
224,Joey Tribbiani,36,F,1,158.83
225,Jane Smith,65,F,19,4269.12
226,Kevin Malone,21,M,11,4553.53
227,Chandler Bing,46,M,19,2686.59
228,Kevin Malone,49,F,13,255.16
229,Alice Johnson,35,F,9,3934.26
230,Joey Tribbiani,68,F,19,3795.73
231,Alice Johnson,47,F,8,1500.84
232,Angela Martin,65,F,11,2946.35
233,Ross Geller,23,M,8,866.25
234,Jane Smith,56,M,16,1875.58
235,Bob Brown,47,F,14,650.75
236,Dwight Schrute,28,M,6,3453.72
237,Ross Geller,75,F,19,3540.35
238,Dwight Schrute,67,M,13,4695.61
239,Rachel Green,53,F,9,627.16
240,Angela Martin,50,M,9,2671.78
241,Ryan Howard,33,M,18,4804.1
242,Monica Geller,20,F,20,2294.42
243,Phoebe Buffay,29,F,17,3001.62
244,Ross Geller,18,F,6,1403.62
245,Jane Smith,21,M,13,128.02
246,Alice Johnson,64,F,10,1082.39
247,Pam Beesly,23,M,18,1784.4
248,Joey Tribbiani,64,M,9,777.59
249,Oscar Martinez,25,M,4,1110.74
250,Bob Brown,44,M,11,748.85
251,Kevin Malone,23,F,9,2932.95
252,Pam Beesly,22,M,13,2969.18
253,Kevin Malone,34,F,5,2413.74
254,Monica Geller,68,F,6,1654.42
255,Ross Geller,51,F,12,3492.17
256,Jane Smith,32,M,14,1810.77
257,Jim Halpert,71,F,3,1591.15
258,Ross Geller,65,F,12,3806.83
259,Monica Geller,29,F,17,4441.64
260,John Doe,21,F,8,4069.06
261,Jim Halpert,68,F,4,1608.5
262,Phoebe Buffay,33,M,11,2132.64
263,Joey Tribbiani,48,F,14,1504.69
264,Dwight Schrute,66,F,13,250.35
265,Chandler Bing,75,M,5,1283.78
266,Pam Beesly,44,M,14,3348.82
267,Ross Geller,68,M,17,1454.56
268,Jane Smith,35,F,14,617.16
269,John Doe,55,F,4,1854.04
270,Dwight Schrute,55,M,12,4351.0
271,Chandler Bing,62,M,16,724.05
272,Pam Beesly,43,M,9,3631.51
273,Dwight Schrute,39,F,8,4082.32
274,Angela Martin,70,M,2,1208.05
275,Phoebe Buffay,31,M,20,1974.64
276,Rachel Green,65,F,7,229.24
277,Oscar Martinez,50,F,20,345.46
278,Bob Brown,31,F,3,768.58
279,Bob Brown,63,F,13,1722.59
280,Chandler Bing,24,F,1,1345.36
281,Dwight Schrute,75,F,8,2816.74
282,Ross Geller,50,M,11,791.84
283,Pam Beesly,65,F,17,2075.89
284,Joey Tribbiani,53,F,20,2392.37
285,Michael Scott,26,F,14,1672.97
286,Ryan Howard,71,F,20,631.48
287,Phoebe Buffay,26,M,5,1154.5
288,Rachel Green,34,M,19,4321.85
289,Bob Brown,59,F,13,4753.33
290,Bob Brown,63,F,18,605.84
291,Phoebe Buffay,48,F,4,2849.71
292,Rachel Green,32,M,9,520.31
293,Oscar Martinez,57,F,13,244.67
294,John Doe,19,F,9,1584.96
295,Oscar Martinez,68,M,12,2540.39
296,Bob Brown,23,F,1,3431.18
297,Phoebe Buffay,28,M,16,1063.86
298,Monica Geller,33,M,16,4286.28
299,Pam Beesly,56,M,10,4276.07
300,Jane Smith,28,F,8,2558.48
301,Dwight Schrute,57,F,4,1914.76
302,Pam Beesly,72,M,8,3034.16
303,Jim Halpert,73,M,20,2150.88
304,Dwight Schrute,50,F,11,409.88
305,Angela Martin,66,M,15,1226.63
306,Alice Johnson,49,F,5,4134.99
307,Pam Beesly,75,M,13,2781.08
308,Joey Tribbiani,67,M,18,1995.81
309,Michael Scott,52,F,16,147.46
310,Kevin Malone,20,M,11,4441.96
311,Angela Martin,36,F,1,3388.21
312,Bob Brown,56,F,17,1396.67
313,Alice Johnson,63,F,17,1122.76
314,Oscar Martinez,46,F,13,1856.83
315,John Doe,54,F,9,4077.49
316,Chandler Bing,48,M,3,1548.83
317,Stanley Hudson,72,M,6,484.75
318,Oscar Martinez,23,M,5,1882.78
319,Kevin Malone,58,M,12,1105.59
320,Rachel Green,65,F,6,4710.97
321,Pam Beesly,34,M,11,1358.56
322,Phoebe Buffay,32,F,6,3772.77
323,Jane Smith,73,F,2,1825.07
324,Ryan Howard,23,F,8,3816.68
325,Jane Smith,64,F,2,672.37
326,John Doe,32,F,17,1464.54
327,Monica Geller,68,F,16,1058.85
328,Angela Martin,19,M,1,4410.61
329,Rachel Green,73,M,16,3487.65
330,Rachel Green,29,M,12,2124.69
331,Bob Brown,48,F,7,3193.53
332,Kelly Kapoor,66,F,1,4536.88
333,Monica Geller,47,M,12,486.6
334,Ross Geller,73,M,10,786.69
335,Dwight Schrute,67,F,7,4536.31
336,Michael Scott,53,M,6,1009.52
337,Dwight Schrute,62,F,14,3428.0
338,Michael Scott,31,F,10,170.79
339,Monica Geller,31,M,11,202.78
340,Kelly Kapoor,52,F,9,870.74
341,John Doe,40,F,14,1104.59
342,Monica Geller,62,M,14,4009.39
343,Jane Smith,66,M,5,846.1
344,Chandler Bing,45,M,1,2418.3
345,John Doe,51,F,3,3138.67
346,Monica Geller,60,M,1,1788.83
347,Angela Martin,43,F,5,3654.74
348,Bob Brown,71,M,6,660.35
349,Angela Martin,75,F,12,3464.31
350,Alice Johnson,68,F,10,3008.31
351,John Doe,23,F,2,3817.0
352,Kelly Kapoor,69,F,7,4814.74
353,Dwight Schrute,25,M,10,4710.73
354,Oscar Martinez,34,F,5,4375.82
355,Alice Johnson,48,M,2,921.06
356,Jane Smith,60,M,11,1337.59
357,John Doe,36,F,5,4683.68
358,Kelly Kapoor,31,F,15,2577.62
359,Jim Halpert,60,M,12,2218.02
360,Kelly Kapoor,57,M,5,2353.63
361,Ross Geller,34,F,9,1959.35
362,Monica Geller,73,F,7,1946.52
363,Ross Geller,28,F,3,4341.79
364,Angela Martin,68,M,4,4017.56
365,Kelly Kapoor,31,F,8,4006.16
366,John Doe,72,M,14,2274.05
367,Dwight Schrute,41,F,12,509.04
368,Bob Brown,70,F,2,4521.3
369,Phoebe Buffay,34,F,7,1235.64
370,Rachel Green,60,F,9,1478.48
371,Angela Martin,75,M,3,847.68
372,Kevin Malone,23,F,18,1754.98
373,Angela Martin,65,F,5,3358.36
374,Ross Geller,62,F,10,3243.29
375,Joey Tribbiani,38,F,7,3788.93
376,Kelly Kapoor,61,M,4,1556.66
377,Angela Martin,65,F,6,207.03
378,Kelly Kapoor,55,M,3,2433.83
379,Jane Smith,73,F,2,2617.65
380,Jim Halpert,50,M,9,2077.2
381,Angela Martin,28,F,4,1291.55
382,Dwight Schrute,30,F,4,115.31
383,Jim Halpert,60,M,7,1338.55
384,Chandler Bing,60,F,15,1412.35
385,Jane Smith,64,M,16,2584.16
386,Chandler Bing,26,M,5,4466.85
387,Oscar Martinez,26,F,14,363.44
388,Joey Tribbiani,69,M,17,4365.94
389,Angela Martin,25,M,3,334.53
390,Ross Geller,37,F,10,1720.94
391,Oscar Martinez,67,M,11,3770.97
392,Ross Geller,26,F,20,4906.52
393,Dwight Schrute,24,M,13,4833.63
394,Kevin Malone,53,F,12,645.13
395,Phoebe Buffay,58,F,5,2794.29
396,Pam Beesly,62,M,9,3533.77
397,Angela Martin,70,F,10,3639.6
398,John Doe,23,M,15,1705.91
399,Pam Beesly,32,F,2,3545.86
400,Phoebe Buffay,66,M,16,3172.17
401,Kevin Malone,47,M,15,3468.52
402,Jim Halpert,55,M,16,4961.26
403,John Doe,23,F,19,1561.75
404,Monica Geller,75,M,4,819.59
405,Chandler Bing,48,M,13,4157.01
406,Oscar Martinez,30,M,7,185.76
407,Jane Smith,28,M,16,2767.63
408,Phoebe Buffay,62,M,18,4827.43
409,Jim Halpert,35,F,5,259.65
410,Rachel Green,71,M,19,420.2
411,Phoebe Buffay,18,F,6,4724.17
412,Joey Tribbiani,35,F,3,2750.65
413,Jim Halpert,19,M,2,864.87
414,Angela Martin,65,M,8,673.32
415,Jim Halpert,19,F,5,1722.38
416,Oscar Martinez,43,F,8,3336.42
417,Rachel Green,72,M,15,1653.1
418,Joey Tribbiani,45,M,12,2049.6
419,Jim Halpert,66,M,15,2386.19
420,Oscar Martinez,41,M,8,2480.26
421,Michael Scott,24,M,2,4644.4
422,Rachel Green,37,F,17,4877.27
423,Bob Brown,41,M,12,2610.94
424,Oscar Martinez,69,M,5,2039.65
425,Ryan Howard,22,F,9,4501.68
426,John Doe,27,F,4,3416.54
427,Michael Scott,56,F,14,2295.05
428,Stanley Hudson,61,F,1,2797.1
429,John Doe,27,M,11,2805.71
430,Chandler Bing,43,M,5,1829.56
431,Angela Martin,70,M,2,4813.05
432,Dwight Schrute,59,M,14,3624.12
433,Angela Martin,51,F,3,985.76
434,Angela Martin,24,F,8,1958.9
435,Oscar Martinez,28,F,15,4934.73
436,Joey Tribbiani,51,M,4,2023.87
437,Oscar Martinez,58,M,1,1183.19
438,Rachel Green,65,F,4,1030.19
439,Dwight Schrute,64,F,14,2863.79
440,Chandler Bing,41,M,6,4080.35
441,Angela Martin,46,M,2,241.23
442,Jim Halpert,51,M,13,4678.55
443,Phoebe Buffay,50,M,9,2175.25
444,Ryan Howard,53,M,11,2065.37
445,Ryan Howard,21,F,5,4073.11
446,Michael Scott,36,M,11,4339.39
447,Jane Smith,67,F,18,1327.47
448,Ryan Howard,45,M,16,3470.13
449,Jane Smith,71,F,5,1217.32
450,Jane Smith,55,F,19,4492.55
451,Joey Tribbiani,38,F,7,1978.81
452,Kevin Malone,26,F,1,3067.23
453,Angela Martin,75,M,5,3665.14
454,Oscar Martinez,66,F,17,1965.67
455,Dwight Schrute,20,M,4,2738.17
456,Ryan Howard,20,M,4,3910.11
457,Joey Tribbiani,30,M,2,3274.18
458,Ross Geller,54,F,14,4370.67
459,Joey Tribbiani,22,M,3,803.07
460,Michael Scott,60,M,9,3225.33
461,Chandler Bing,59,M,14,3991.28
462,Monica Geller,18,M,6,2304.34
463,Jane Smith,42,M,6,1774.74
464,Kevin Malone,50,F,14,2507.25
465,Alice Johnson,66,F,14,3958.6
466,Jane Smith,51,F,9,722.62
467,Michael Scott,18,F,15,1898.8
468,Rachel Green,52,M,20,1084.0
469,Rachel Green,73,M,7,4050.19
470,Chandler Bing,69,F,2,2168.61
471,Angela Martin,63,M,13,4395.31
472,Stanley Hudson,72,M,20,2923.15
473,Monica Geller,41,F,18,3216.15
474,Jane Smith,71,F,4,3601.89
475,Alice Johnson,58,M,1,4010.5
476,Oscar Martinez,36,M,16,1788.24
477,Rachel Green,54,F,19,3407.48
478,Dwight Schrute,75,F,8,2958.9
479,Kelly Kapoor,67,F,18,4529.73
480,Phoebe Buffay,50,M,20,2046.17
481,Kelly Kapoor,55,F,16,1581.53
482,Chandler Bing,64,F,11,1590.07
483,Angela Martin,26,F,4,4385.74
484,Chandler Bing,21,F,19,247.53
485,Pam Beesly,73,F,14,4424.87
486,Monica Geller,32,M,2,2965.13
487,Kelly Kapoor,59,M,20,4149.81
488,Phoebe Buffay,43,F,3,3861.47
489,John Doe,50,M,14,2296.92
490,Jim Halpert,70,M,20,1925.32
491,Jim Halpert,62,M,10,4767.2
492,Kevin Malone,51,F,2,3101.97
493,Kevin Malone,39,M,4,3869.17
494,Jim Halpert,55,F,8,4166.13
495,Alice Johnson,43,M,5,1165.5
496,Ross Geller,61,F,19,4865.86
497,Stanley Hudson,29,M,1,1032.7
498,Dwight Schrute,62,F,11,573.89
499,Monica Geller,29,F,10,1765.78
500,Joey Tribbiani,32,F,10,2692.31
501,Michael Scott,38,F,13,1997.08
502,Oscar Martinez,54,M,15,2425.81
503,Stanley Hudson,74,F,19,4592.86
504,Ross Geller,32,F,4,3462.33
505,Dwight Schrute,62,M,8,2829.32
506,Oscar Martinez,72,M,11,3528.87
507,Ryan Howard,35,M,8,4194.28
508,Rachel Green,43,F,3,1913.39
509,Stanley Hudson,46,F,2,3624.49
510,Oscar Martinez,70,F,8,2607.25
511,Bob Brown,54,F,12,3605.58
512,Chandler Bing,34,M,12,4420.86
513,Rachel Green,42,F,18,1938.07
514,Dwight Schrute,24,F,10,2677.75
515,Monica Geller,20,F,19,1531.96
516,Phoebe Buffay,61,F,5,4827.73
517,Rachel Green,69,F,13,3184.18
518,Ross Geller,47,F,20,2042.37
519,Kevin Malone,72,M,20,1033.6
520,Jane Smith,68,M,14,2462.11
521,Ryan Howard,55,F,13,556.22
522,John Doe,38,M,15,4120.11
523,Jim Halpert,27,F,13,4745.41
524,Joey Tribbiani,28,M,10,4309.15
525,Rachel Green,51,F,13,4149.9
526,Kelly Kapoor,50,F,18,335.9
527,Jim Halpert,26,F,14,2641.98
528,Ryan Howard,55,F,16,1198.76
529,Rachel Green,71,F,3,505.36
530,Alice Johnson,31,F,7,2165.18
531,Oscar Martinez,50,M,4,2064.98
532,Kelly Kapoor,47,F,1,2030.58
533,Rachel Green,64,M,8,2187.64
534,Joey Tribbiani,59,M,18,685.42
535,Ross Geller,58,M,7,4696.79
536,Jim Halpert,54,F,8,491.16
537,Joey Tribbiani,60,F,8,3589.84
538,Kelly Kapoor,23,M,7,2801.51
539,Stanley Hudson,21,F,15,1401.27
540,Angela Martin,67,M,1,3880.13
541,Alice Johnson,21,M,12,3027.08
542,Bob Brown,31,F,8,4714.37
543,Ryan Howard,58,F,18,2222.62
544,Rachel Green,37,M,10,4683.91
545,Kevin Malone,50,F,17,4869.21
546,Dwight Schrute,27,F,14,615.75
547,Ryan Howard,38,M,18,2682.98
548,Rachel Green,63,M,8,2284.31
549,Stanley Hudson,33,M,3,1685.88
550,Michael Scott,73,F,13,1060.14
551,Ryan Howard,71,F,16,438.0
552,Oscar Martinez,63,F,4,4502.63
553,Angela Martin,34,F,20,2609.79
554,Angela Martin,26,M,5,1350.49
555,Kevin Malone,43,M,12,2748.19
556,Kevin Malone,70,M,14,4893.24
557,Kelly Kapoor,74,M,20,124.83
558,Oscar Martinez,40,M,12,423.58
559,Chandler Bing,18,F,8,592.82
560,Phoebe Buffay,43,F,10,576.92
561,Chandler Bing,26,F,7,1478.86
562,Ross Geller,37,F,1,1758.89
563,Stanley Hudson,69,M,14,480.58
564,Dwight Schrute,18,M,20,4582.14
565,Michael Scott,39,F,11,4214.88
566,Angela Martin,28,F,3,1507.66
567,Stanley Hudson,18,F,10,4674.59
568,Bob Brown,50,F,14,1720.14
569,Pam Beesly,25,F,4,3385.7
570,Chandler Bing,22,M,20,212.94
571,Phoebe Buffay,28,M,15,3272.27
572,Ryan Howard,23,F,12,1931.17
573,Ryan Howard,63,F,5,622.68
574,John Doe,66,F,3,3342.4
575,Michael Scott,28,F,7,2609.14
576,Pam Beesly,62,M,16,2040.98
577,Stanley Hudson,62,M,16,2453.6
578,Kevin Malone,70,M,6,2842.42
579,Pam Beesly,44,F,4,4873.05
580,Chandler Bing,61,M,20,3071.08
581,Pam Beesly,48,F,18,483.82
582,Ross Geller,36,M,1,1706.42
583,Angela Martin,69,M,5,3830.3
584,Monica Geller,52,M,1,445.65
585,Joey Tribbiani,58,M,6,3961.27
586,Phoebe Buffay,19,F,2,2277.36
587,Michael Scott,37,F,11,545.28
588,Rachel Green,24,M,19,4745.76
589,Kevin Malone,32,M,7,3317.88
590,Ross Geller,66,M,4,1622.95
591,Phoebe Buffay,74,M,14,4241.69
592,Bob Brown,56,F,7,1320.12
593,Rachel Green,28,M,7,360.04
594,Stanley Hudson,67,M,13,4753.32
595,Monica Geller,32,M,14,823.06
596,Dwight Schrute,53,F,8,766.98
597,Monica Geller,50,M,15,2951.58
598,Angela Martin,21,F,10,2660.97
599,Ross Geller,30,F,8,1665.2
600,Rachel Green,70,M,14,2029.05
601,Bob Brown,48,M,17,579.74
602,Kelly Kapoor,67,F,13,4516.62
603,Dwight Schrute,51,M,4,4920.12
604,Joey Tribbiani,73,M,5,3897.05
605,Chandler Bing,25,F,9,202.78
606,Jane Smith,19,F,6,3740.26
607,Joey Tribbiani,62,M,1,4025.95
608,Jane Smith,18,F,5,2935.48
609,Kevin Malone,33,M,4,1222.09
610,Phoebe Buffay,41,F,13,3324.05
611,Ross Geller,64,M,2,378.58
612,Oscar Martinez,52,F,8,855.55
613,Oscar Martinez,50,F,7,962.24
614,Kevin Malone,72,F,20,1117.81
615,Monica Geller,37,F,13,2296.6
616,Phoebe Buffay,40,M,5,3334.26
617,Rachel Green,48,M,19,3946.04
618,Angela Martin,31,M,8,3489.19
619,John Doe,63,F,5,1250.57
620,Michael Scott,48,F,6,3294.96
621,Jim Halpert,53,F,2,3617.63
622,Stanley Hudson,58,M,15,2557.84
623,Oscar Martinez,39,M,18,2966.73
624,Oscar Martinez,26,F,20,4970.73
625,Stanley Hudson,41,F,11,661.44
626,Jim Halpert,36,F,14,3128.84
627,Stanley Hudson,72,M,8,4673.01
628,Rachel Green,42,M,12,566.11
629,Angela Martin,19,F,13,1356.31
630,Alice Johnson,40,F,14,1206.8
631,Angela Martin,31,F,10,1027.85
632,Chandler Bing,28,F,12,4615.44
633,Michael Scott,25,F,8,1086.86
634,Bob Brown,72,F,4,1386.37
635,Stanley Hudson,61,F,14,1321.34
636,Dwight Schrute,47,M,17,3152.4
637,Kevin Malone,67,F,13,1956.82
638,John Doe,40,M,15,2559.68
639,Pam Beesly,51,M,7,4575.17
640,Dwight Schrute,67,F,8,4959.67
641,Rachel Green,48,F,5,4042.58
642,Ross Geller,30,M,13,4871.79
643,Pam Beesly,37,M,4,1097.92
644,Ryan Howard,46,F,15,2384.65
645,Dwight Schrute,42,F,7,1969.58
646,Jane Smith,40,M,11,1620.19
647,Pam Beesly,72,F,6,513.42
648,Alice Johnson,19,F,9,2187.64
649,Monica Geller,67,F,17,2592.06
650,Ross Geller,74,M,9,1534.06
651,Ross Geller,20,F,17,558.33
652,Kelly Kapoor,65,M,7,2621.45
653,Monica Geller,57,F,1,1715.96
654,Jim Halpert,27,M,5,331.91
655,Rachel Green,70,M,16,4965.92
656,Alice Johnson,56,F,14,2188.12
657,Jim Halpert,30,M,5,3138.93
658,Angela Martin,54,F,16,1074.19
659,Ross Geller,54,M,17,4250.97
660,Dwight Schrute,18,M,8,1220.14
661,Kevin Malone,50,F,19,1377.61
662,Stanley Hudson,42,F,7,102.49
663,Jim Halpert,22,F,10,1088.01
664,Ross Geller,29,F,13,4595.75
665,John Doe,54,M,18,3801.73
666,Dwight Schrute,36,F,19,1381.17
667,Bob Brown,43,F,18,4722.68
668,Kevin Malone,49,M,7,1825.34
669,Dwight Schrute,49,M,15,1682.05
670,Chandler Bing,53,M,16,3989.89
671,Kevin Malone,46,M,8,227.49
672,Oscar Martinez,43,M,3,2982.66
673,Alice Johnson,51,F,15,1073.44
674,Ross Geller,21,M,8,4313.02
675,Monica Geller,49,F,12,2443.62
676,Ryan Howard,22,M,7,1788.5
677,Pam Beesly,52,M,11,2049.62
678,Bob Brown,24,F,5,4104.04
679,Oscar Martinez,58,F,15,486.03
680,Rachel Green,53,F,4,1939.46
681,John Doe,64,F,15,832.7
682,Chandler Bing,61,F,18,4620.08
683,Monica Geller,39,F,6,798.46
684,Rachel Green,46,F,5,4564.16
685,Kevin Malone,50,M,20,2030.82
686,Phoebe Buffay,34,F,12,194.13
687,Rachel Green,56,M,15,4469.41
688,Kevin Malone,18,M,6,3759.79
689,Oscar Martinez,51,F,5,858.71
690,Alice Johnson,30,M,19,388.26
691,Ross Geller,64,F,14,4800.3
692,John Doe,20,M,12,4075.61
693,Kelly Kapoor,38,M,10,1955.36
694,Jane Smith,57,F,6,4159.71
695,Rachel Green,68,F,20,3662.33
696,Ross Geller,56,F,6,3857.38
697,Michael Scott,24,M,17,1401.96
698,Jane Smith,54,M,13,4305.62
699,John Doe,49,M,8,4009.53
700,Monica Geller,74,M,12,3595.64
701,Bob Brown,72,F,17,115.16
702,Ross Geller,68,F,19,1791.81
703,Ryan Howard,25,M,17,4802.48
704,Rachel Green,73,M,7,3827.03
705,Joey Tribbiani,57,F,2,2470.0
706,Rachel Green,61,F,17,2188.07
707,Dwight Schrute,38,F,12,1933.74
708,Angela Martin,48,F,3,3219.62
709,John Doe,68,F,19,4328.38
710,Monica Geller,18,M,9,2091.69
711,Jane Smith,48,M,18,4017.14
712,Kevin Malone,34,F,1,2604.18
713,Joey Tribbiani,34,M,3,2740.45
714,Angela Martin,75,F,14,1868.58
715,Joey Tribbiani,71,M,16,1718.23
716,Joey Tribbiani,61,F,11,572.89
717,Oscar Martinez,55,F,14,4011.07
718,Ross Geller,21,M,5,3347.74
719,Stanley Hudson,43,M,7,449.25
720,Kelly Kapoor,37,M,8,1492.97
721,Oscar Martinez,61,F,19,276.72
722,Kevin Malone,39,F,7,306.64
723,Pam Beesly,25,F,9,1845.8
724,Monica Geller,39,F,20,617.41
725,Kelly Kapoor,18,F,18,4358.26
726,Ross Geller,22,F,19,2274.13
727,Stanley Hudson,40,F,2,1646.66
728,Kelly Kapoor,37,F,14,1272.59
729,Phoebe Buffay,41,M,19,3408.27
730,Rachel Green,27,M,8,3357.43
731,Ryan Howard,45,M,17,2168.22
732,Bob Brown,34,M,8,4011.0
733,Kevin Malone,26,M,6,2339.81
734,Jim Halpert,24,M,10,3110.45
735,Kevin Malone,45,F,11,3053.91
736,Kelly Kapoor,22,M,14,186.12
737,Phoebe Buffay,26,M,9,470.19
738,Kelly Kapoor,61,M,14,4537.25
739,Stanley Hudson,55,M,4,100.89
740,Phoebe Buffay,45,M,17,3424.5
741,Monica Geller,60,F,2,4718.53
742,Oscar Martinez,69,M,1,3460.07
743,Bob Brown,66,F,1,4440.31
744,Chandler Bing,62,F,5,4624.57
745,Rachel Green,66,M,1,4224.21
746,Kevin Malone,73,F,19,2530.54
747,Rachel Green,40,M,19,2983.54
748,Joey Tribbiani,22,M,11,387.56
749,Rachel Green,64,M,15,542.81
750,Ross Geller,18,M,17,1854.84
751,Phoebe Buffay,72,F,10,2337.24
752,Monica Geller,26,F,13,3508.66
753,Angela Martin,50,F,1,695.73
754,Dwight Schrute,71,F,4,3527.62
755,Kelly Kapoor,51,F,14,4532.87
756,Jane Smith,37,M,20,4452.87
757,Dwight Schrute,38,F,11,2296.23
758,Monica Geller,57,M,1,3001.22
759,Kelly Kapoor,23,F,8,135.8
760,Oscar Martinez,27,F,4,846.96
761,Bob Brown,29,M,16,4179.87
762,Dwight Schrute,25,F,12,1061.0
763,Phoebe Buffay,71,M,8,2943.73
764,Bob Brown,29,M,11,4700.75
765,Kelly Kapoor,73,M,10,814.64
766,Chandler Bing,73,M,6,1407.01
767,Oscar Martinez,73,M,2,1936.25
768,John Doe,61,F,20,150.44
769,Stanley Hudson,62,M,10,1059.76
770,Jim Halpert,46,M,15,1363.06
771,Angela Martin,73,F,1,869.56
772,Stanley Hudson,45,F,11,2097.0
773,Chandler Bing,39,F,5,117.7
774,Jim Halpert,67,F,15,2394.38
775,Joey Tribbiani,70,M,4,2241.64
776,Rachel Green,74,M,16,4049.73
777,Rachel Green,37,F,4,1497.31
778,Pam Beesly,31,F,16,139.87
779,Jim Halpert,55,F,10,223.41
780,Oscar Martinez,34,F,20,3523.52
781,Chandler Bing,68,M,7,1388.96
782,Phoebe Buffay,22,F,9,110.76
783,Kevin Malone,38,M,15,2050.29
784,Jane Smith,49,F,15,1616.6
785,Chandler Bing,36,F,12,649.83
786,Joey Tribbiani,68,F,6,3724.73
787,Ross Geller,19,M,4,4190.64
788,Alice Johnson,56,M,11,1720.15
789,Jim Halpert,25,F,17,3316.71
790,Oscar Martinez,75,F,17,4284.92
791,Oscar Martinez,45,F,14,1830.33
792,Kevin Malone,55,F,5,3701.66
793,Jane Smith,23,M,3,2610.0
794,Stanley Hudson,73,M,4,1501.27
795,Stanley Hudson,67,M,16,4266.44
796,Ryan Howard,64,M,9,2420.7
797,Angela Martin,38,M,1,2500.24
798,Chandler Bing,28,M,17,4051.45
799,Stanley Hudson,68,F,10,810.9
800,Jim Halpert,72,M,8,3211.26
801,Oscar Martinez,29,F,20,3940.28
802,Phoebe Buffay,19,F,13,2924.28
803,Jim Halpert,74,M,5,4348.26
804,Oscar Martinez,62,F,6,4206.13
805,Jane Smith,57,F,3,3845.06
806,Angela Martin,73,F,17,3585.81
807,Chandler Bing,70,M,20,621.27
808,Bob Brown,20,M,2,1272.23
809,Michael Scott,54,F,10,2650.44
810,Phoebe Buffay,56,F,16,2540.68
811,Rachel Green,18,F,6,4061.19
812,Alice Johnson,71,F,20,1880.13
813,Kevin Malone,34,M,9,2291.26
814,Monica Geller,50,F,18,1786.39
815,Chandler Bing,75,M,16,1206.78
816,Rachel Green,20,M,5,3921.88
817,Pam Beesly,43,F,18,3139.95
818,Alice Johnson,30,M,3,2430.08
819,Jane Smith,74,F,14,2215.02
820,Jim Halpert,22,M,5,2192.62
821,Kelly Kapoor,18,M,13,697.66
822,Chandler Bing,75,M,14,1209.29
823,Alice Johnson,24,M,11,151.81
824,Ross Geller,40,F,2,4672.91
825,Bob Brown,25,F,5,683.53
826,Stanley Hudson,52,F,14,1773.93
827,John Doe,68,F,6,867.81
828,Oscar Martinez,51,M,11,3602.24
829,Stanley Hudson,23,M,17,1594.92
830,Jim Halpert,58,F,10,2936.81
831,Kevin Malone,56,F,5,360.31
832,Jim Halpert,29,F,4,4935.44
833,John Doe,31,M,18,1304.83
834,Monica Geller,41,F,20,2398.02
835,Rachel Green,36,F,17,3313.71
836,Oscar Martinez,31,F,10,2122.12
837,Angela Martin,31,M,15,1644.34
838,Joey Tribbiani,66,M,20,2489.08
839,Monica Geller,45,M,6,2448.71
840,Michael Scott,19,M,17,2096.72
841,Pam Beesly,58,M,1,3168.38
842,Pam Beesly,47,M,12,2818.79
843,Stanley Hudson,44,M,13,2390.53
844,Angela Martin,59,F,2,1665.97
845,Ross Geller,49,F,14,638.51
846,Angela Martin,36,M,8,3025.07
847,Michael Scott,56,F,10,2794.52
848,Bob Brown,20,M,16,3974.94
849,Monica Geller,37,M,11,2994.87
850,Kevin Malone,36,M,16,1529.24
851,Joey Tribbiani,19,F,15,4022.44
852,Pam Beesly,33,F,1,3626.7
853,Bob Brown,26,F,4,1087.02
854,John Doe,51,M,16,3106.85
855,Jim Halpert,23,M,15,4880.2
856,Angela Martin,69,M,12,3794.08
857,Rachel Green,18,F,9,2907.18
858,Alice Johnson,39,F,19,1397.45
859,Oscar Martinez,42,F,20,3646.39
860,Monica Geller,53,F,19,4795.66
861,Angela Martin,73,F,7,1100.99
862,Oscar Martinez,24,M,7,1678.74
863,Kevin Malone,64,M,3,274.47
864,Stanley Hudson,74,M,13,3647.53
865,Oscar Martinez,42,F,7,2571.77
866,Pam Beesly,22,F,15,833.14
867,Joey Tribbiani,55,M,9,1833.38
868,Pam Beesly,67,F,13,3856.58
869,Oscar Martinez,30,M,9,1892.18
870,Alice Johnson,33,F,5,4407.56
871,Jane Smith,45,F,2,1881.12
872,Ross Geller,57,F,5,3975.54
873,Ryan Howard,53,F,9,4734.78
874,Bob Brown,75,F,1,681.26
875,Chandler Bing,55,M,20,4380.28
876,Ross Geller,46,M,19,4663.71
877,Angela Martin,52,F,18,2085.54
878,Jim Halpert,33,M,7,2354.14
879,Michael Scott,23,M,8,2117.34
880,Dwight Schrute,67,F,18,3240.61
881,Phoebe Buffay,31,F,7,2483.43
882,Rachel Green,23,F,8,4401.55
883,Oscar Martinez,36,F,13,2578.53
884,Stanley Hudson,51,M,6,1539.57
885,Rachel Green,51,F,8,3220.1
886,Monica Geller,73,M,17,1813.41
887,Phoebe Buffay,51,M,9,1097.8
888,Oscar Martinez,60,F,3,414.21
889,Phoebe Buffay,32,F,14,3811.48
890,Kevin Malone,38,F,1,4338.49
891,Angela Martin,27,M,3,1140.2
892,Alice Johnson,67,F,17,3919.43
893,Joey Tribbiani,38,F,3,2469.77
894,Pam Beesly,23,F,5,2467.92
895,Michael Scott,65,F,9,3426.41
896,Pam Beesly,74,F,13,411.39
897,Chandler Bing,42,M,18,781.36
898,Alice Johnson,18,M,19,2108.08
899,Bob Brown,50,F,2,4141.01
900,Chandler Bing,72,M,1,1884.03
901,Jane Smith,24,M,3,595.81
902,Kelly Kapoor,19,M,2,1747.9
903,Ryan Howard,71,M,9,3394.78
904,John Doe,35,M,2,4934.82
905,Kelly Kapoor,72,F,12,4193.64
906,Pam Beesly,61,F,7,1779.78
907,Joey Tribbiani,51,M,9,328.54
908,Phoebe Buffay,22,F,6,3611.06
909,Kelly Kapoor,38,F,9,4841.93
910,Dwight Schrute,29,F,5,2426.03
911,Rachel Green,40,F,19,1882.99
912,Stanley Hudson,45,F,1,4514.14
913,Phoebe Buffay,55,F,19,564.85
914,Chandler Bing,70,F,9,2864.33
915,Ross Geller,24,M,6,2585.97
916,Angela Martin,38,F,16,4746.04
917,Pam Beesly,25,M,8,1063.31
918,Phoebe Buffay,31,F,6,2873.47
919,Kelly Kapoor,37,M,6,1793.11
920,Rachel Green,34,F,16,4550.86
921,Phoebe Buffay,39,F,17,657.84
922,Alice Johnson,38,F,5,1863.77
923,Ryan Howard,74,M,16,2283.96
924,Ross Geller,46,F,20,3454.33
925,Jim Halpert,24,F,16,1210.41
926,Stanley Hudson,70,M,13,2248.54
927,John Doe,62,M,17,3874.92
928,Phoebe Buffay,22,F,7,1896.79
929,Ross Geller,71,M,5,4149.81
930,Ross Geller,71,M,6,4036.31
931,Stanley Hudson,51,M,13,1162.48
932,Dwight Schrute,53,M,2,1466.09
933,Dwight Schrute,43,M,5,1421.09
934,Monica Geller,74,F,7,3071.94
935,Pam Beesly,32,F,3,2671.45
936,Kevin Malone,22,M,11,339.12
937,Monica Geller,27,F,1,449.7
938,Phoebe Buffay,47,F,14,2642.97
939,Pam Beesly,63,M,9,2574.2
940,Stanley Hudson,24,F,20,1772.58
941,Michael Scott,59,F,19,3410.17
942,Kevin Malone,48,F,12,2198.32
943,Jim Halpert,69,M,7,1268.83
944,Michael Scott,57,M,7,3562.76
945,Kevin Malone,63,F,4,2982.17
946,Pam Beesly,42,M,10,915.36
947,Angela Martin,31,F,6,202.11
948,Alice Johnson,34,M,14,123.73
949,Ryan Howard,52,F,10,405.98
950,Jane Smith,58,M,10,3879.2
951,Kelly Kapoor,25,F,8,2610.05
952,Oscar Martinez,70,M,3,1004.02
953,Jane Smith,31,F,16,1857.59
954,Dwight Schrute,49,F,13,1324.22
955,Bob Brown,56,F,16,3736.95
956,Phoebe Buffay,73,M,2,2149.9
957,Bob Brown,46,M,19,3714.87
958,Ryan Howard,33,M,9,428.68
959,Monica Geller,52,M,14,4722.54
960,Stanley Hudson,18,F,9,1401.76
961,Kevin Malone,34,M,11,485.66
962,Oscar Martinez,51,M,11,868.89
963,Michael Scott,40,F,19,241.36
964,Bob Brown,26,F,18,339.92
965,Chandler Bing,40,F,9,1621.75
966,Ryan Howard,30,M,10,1081.85
967,Bob Brown,41,M,11,2182.08
968,Bob Brown,63,F,11,1606.41
969,Rachel Green,71,F,19,1042.9
970,Pam Beesly,67,M,2,451.24
971,Dwight Schrute,59,M,5,3378.87
972,Phoebe Buffay,51,F,9,1869.71
973,Michael Scott,43,F,20,2020.64
974,Bob Brown,71,F,13,2976.27
975,Pam Beesly,57,F,9,4994.69
976,Angela Martin,19,M,10,3894.76
977,John Doe,36,F,18,3282.83
978,Chandler Bing,21,F,6,3745.79
979,Michael Scott,68,F,11,415.77
980,John Doe,51,F,12,4748.55
981,Pam Beesly,59,F,11,1612.53
982,Kelly Kapoor,56,F,6,4262.49
983,Kevin Malone,72,M,9,1116.28
984,Kelly Kapoor,64,M,9,428.16
985,Chandler Bing,75,F,12,1624.85
986,Angela Martin,22,F,13,1778.85
987,Joey Tribbiani,29,F,14,2119.28
988,John Doe,43,F,9,3192.74
989,Monica Geller,28,M,14,4289.25
990,Alice Johnson,51,M,16,2587.06
991,Phoebe Buffay,60,F,16,4041.76
992,Pam Beesly,57,F,2,1886.89
993,Jim Halpert,56,F,2,4641.06
994,Monica Geller,20,M,17,2969.73
995,Kelly Kapoor,59,M,5,1957.56
996,John Doe,31,M,14,2427.71
997,Dwight Schrute,23,F,5,3637.96
998,Ross Geller,48,M,11,4259.36
999,Kevin Malone,37,M,7,2979.71
1000,Chandler Bing,55,M,4,1118.74
